Time,Acceleration(g)
0,-0.0014275799
0.02,-0.01101276
0.04,-0.01029897
0.06,-0.0089733599
0.08,-0.0096871497
0.1,-0.0122364
0.12,-0.014479739
0.14,-0.01305216
0.16,-0.0112167
0.18,-0.0086674497
0.2,-0.0086674497
0.22,-0.01335807
0.24,-0.01794672
0.26,-0.019782179
0.28,-0.01651914
0.3,-0.014683679
0.32,-0.01101276
0.34,-0.0083615395
0.36,-0.0042827397
0.38,-0.0067300197
0.4,-0.01335807
0.42,-0.019374299
0.44,-0.01998612
0.46,-0.0067300197
0.48,0.0030590999
0.5,0.01437777
0.52,-0.0049965299
0.54,-0.01305216
0.56,-0.014683679
0.58,-0.020699909
0.6,-0.026512199
0.62,-0.033140249
0.64,-0.031202819
0.66,-0.01753884
0.68,-0.02008809
0.7,-0.016621109
0.72,-0.016723079
0.74,-0.0068319896
0.76,0.0025492499
0.78,0.015295499
0.8,0.02406492
0.82,0.02569644
0.84,0.034261917
0.86,0.047212108
0.88,0.050169239
0.9,0.04272543
0.92,0.03660723
0.94,0.027633869
0.96,0.023962949
0.98,0.03456783
1,0.042011639
1.02,0.054044098
1.04,0.065158829
1.06,0.074642034
1.08,0.066484435
1.1,0.061080029
1.12,0.040787999
1.14,0.040787999
1.16,0.00642411
1.18,-0.052514548
1.2,-0.080250384
1.22,-0.061487907
1.24,-0.04935348
1.26,-0.025492499
1.28,-0.0060162299
1.3,0.013663979
1.32,0.031406758
1.34,0.05088303
1.36,0.072398697
1.38,0.10146015
1.4,0.1244034
1.42,0.15601409
1.44,0.14785649
1.46,0.1182852
1.48,0.095341947
1.5,0.090957234
1.52,0.094424215
1.54,0.085552829
1.56,0.091874965
1.58,0.10125621
1.6,0.1233837
1.62,0.033446158
1.64,-0.15091559
1.66,-0.21107789
1.68,-0.20292029
1.7,-0.20699909
1.72,-0.18558539
1.74,-0.17640809
1.76,-0.17844749
1.78,-0.17844749
1.8,-0.18456569
1.82,-0.16621109
1.84,-0.1376595
1.86,-0.1111473
1.88,-0.079740534
1.9,-0.04374513
1.92,-0.00173349
1.94,0.036709199
1.96,0.080046447
1.98,0.1182852
2,0.16315199
2.02,0.19986119
2.04,0.24574769
2.06,0.27837809
2.08,0.30998879
2.1,0.32630399
2.12,0.34873739
2.14,0.28755539
2.16,0.23657039
2.18,-0.122364
2.2,-0.24166889
2.22,-0.16723079
2.24,-0.19068389
2.26,-0.112167
2.28,-0.07678341
2.3,-0.017640809
2.32,0.01152261
2.34,0.054350007
2.36,0.091263147
2.38,0.1213443
2.4,0.17946719
2.42,0.058734716
2.44,-0.26818109
2.46,-0.15805349
2.48,-0.17640809
2.5,-0.1029897
2.52,-0.05904063
2.54,0.02416689
2.56,-0.068319898
2.58,-0.20190059
2.6,-0.16723079
2.62,-0.17232929
2.64,-0.15091559
2.66,-0.1254231
2.68,-0.10197
2.7,-0.076579466
2.72,-0.053330307
2.74,-0.027633869
2.76,-0.0044866799
2.78,0.019170359
2.8,-0.0096871497
2.82,-0.044153008
2.84,-0.08545086
2.86,-0.096973465
2.88,-0.073010516
2.9,-0.061080029
2.92,-0.03405798
2.94,-0.01101276
2.96,0.018864449
2.98,0.042827399
3,0.068625811
3.02,-0.0098910895
3.04,-0.037932839
3.06,-0.0040787999
3.08,0.00112167
3.1,0.03507768
3.12,0.057613048
3.14,0.09003951
3.16,0.1152261
3.18,0.1386792
3.2,0.022331429
3.22,0.02457477
3.24,0.069645511
3.26,0.070257329
3.28,0.1346004
3.3,0.1376595
3.32,0.20801879
3.34,-0.094934065
3.36,-0.1335807
3.38,-0.070563234
3.4,-0.055675617
3.42,0.0073418396
3.44,0.068829748
3.46,-0.1091079
3.48,-0.15193529
3.5,-0.1091079
3.52,-0.1182852
3.54,-0.077701134
3.56,-0.05700123
3.58,-0.021923549
3.6,-0.01284822
3.62,-0.068727779
3.64,-0.03303828
3.66,-0.03436389
3.68,-0.011114729
3.7,0.00173349
3.72,0.030489029
3.74,0.049761357
3.76,0.061997757
3.78,0.02263734
3.8,-0.0032630399
3.82,-0.024982649
3.84,0.0078516895
3.86,0.02151567
3.88,0.057918957
3.9,0.084227216
3.92,0.1233837
3.94,0.15091559
3.96,0.17742779
3.98,0.042929367
4,0.00295713
4.02,0.026410229
4.04,0.029877208
4.06,-0.0056083498
4.08,-0.014989589
4.1,0.01458171
4.12,0.02100582
4.14,0.05088303
4.16,0.065770648
4.18,0.097585284
4.2,0.1152261
4.22,0.14785649
4.24,0.16621109
4.26,0.19884149
4.28,0.18966419
4.3,0.20190059
4.32,0.18048689
4.34,0.1274625
4.36,-0.1233837
4.38,-0.055267739
4.4,-0.03915648
4.42,-0.031712669
4.44,-0.1142064
4.46,-0.16927019
4.48,-0.25084619
4.5,-0.20699909
4.52,-0.18762479
4.54,-0.1346004
4.56,-0.097891197
4.58,-0.033140249
4.6,0.015703379
4.62,0.083207516
4.64,0.1346004
4.66,0.18558539
4.68,-0.00591426
4.7,-0.017232929
4.72,0.029061449
4.74,0.045580589
4.76,0.10023651
4.78,0.14479739
4.8,0.18864449
4.82,0.25084619
4.84,0.17232929
4.86,-0.1407186
4.88,-0.10186803
4.9,-0.1111473
4.92,-0.092486784
4.94,-0.04782393
4.96,-0.1274625
4.98,-0.21515669
5,-0.16519139
5.02,-0.17232929
5.04,-0.1335807
5.06,-0.1131867
5.08,-0.07882281
5.1,-0.052004698
5.12,-0.05547168
5.14,-0.122364
5.16,-0.1233837
5.18,-0.1182852
5.2,-0.1172655
5.22,-0.073112484
5.24,-0.055675617
5.26,0.0065260799
5.28,-0.081983879
5.3,-0.16621109
5.32,-0.087592229
5.34,-0.097993165
5.36,-0.040380117
5.38,-0.014989589
5.4,0.032528428
5.42,0.066076561
5.44,0.089325715
5.46,0.048129839
5.48,0.020190059
5.5,-0.00275319
5.52,0.02977524
5.54,0.045376648
5.56,0.080046447
5.58,0.1050291
5.6,0.1376595
5.62,0.16417169
5.64,0.18966419
5.66,0.1305216
5.68,0.065260798
5.7,0.020801879
5.72,0.032018579
5.74,0.038034808
5.76,0.050577117
5.78,0.023962949
5.8,-0.0085654793
5.82,-0.017130959
5.84,-0.01152261
5.86,-0.023351129
5.88,-0.025288558
5.9,-0.016009289
5.92,-0.0070359299
5.94,0.014989589
5.96,0.03864663
5.98,0.05904063
6,0.026002349
6.02,-0.0041807698
6.04,-0.043643158
6.06,-0.01356201
6.08,0.0096871497
6.1,0.023453099
6.12,-0.013154129
6.14,-0.0050984998
6.16,0.0081575997
6.18,0.021413699
6.2,0.038748599
6.22,0.052004698
6.24,0.016009289
6.26,-0.0032630399
6.28,-0.01131867
6.3,0.00050984998
6.32,0.0077497196
6.34,0.0035689499
6.36,-0.0096871497
6.38,-0.0036709198
6.4,-0.00163152
6.42,0.0038748598
6.44,0.0086674497
6.46,-0.0057103197
6.48,-0.030998879
6.5,-0.042929367
6.52,-0.024880679
6.54,-0.02406492
6.56,-0.01804869
6.58,-0.013154129
6.6,-0.0018354599
6.62,0.020699909
6.64,-0.01101276
6.66,-0.0092792701
6.68,-0.00346698
6.7,-0.01080882
6.72,-0.01131867
6.74,-0.010095029
6.76,-0.00020394
6.78,0.0074438099
6.8,0.023962949
6.82,0.036199349
6.84,0.071888848
6.86,0.079434629
6.88,0.018762479
6.9,-0.026818108
6.92,-0.012644279
6.94,-0.0042827397
6.96,0.016213229
6.98,0.00489456
7,-0.022331429
7.02,-0.047619989
7.04,-0.043643158
7.06,-0.02202552
7.08,-0.00438471
7.1,0.016213229
7.12,0.032630399
7.14,0.04272543
7.16,0.01254231
7.18,-0.016315199
7.2,-0.020801879
7.22,-0.0083615395
7.24,-0.02100582
7.26,-0.013969889
7.28,-0.0056083498
7.3,0.00540441
7.32,0.013663979
7.34,0.027124019
7.36,0.02365704
7.38,0.0080556298
7.4,-0.00081575998
7.42,0.020393999
7.44,0.044356948
7.46,0.050169239
7.48,0.01947627
7.5,0.0093812395
7.52,-0.00224334
7.54,-0.0021413698
7.56,0.0053024396
7.58,0.0094832099
7.6,0.026002349
7.62,0.037524958
7.64,0.053534248
7.66,0.055165767
7.68,0.043337248
7.7,0.040584058
7.72,0.05700123
7.74,0.077089316
7.76,0.037219049
7.78,0.041909667
7.8,0.0099930598
7.82,-0.020801879
7.84,-0.025390529
7.86,-0.041297849
7.88,-0.042113608
7.9,-0.048027867
7.92,-0.044153008
7.94,-0.046702258
7.96,-0.0058122896
7.98,0.018150659
8,-0.021209758
8.02,-0.050169239
8.04,-0.054044098
8.06,-0.036913139
8.08,-0.041297849
8.1,-0.031406758
8.12,-0.032222519
8.14,-0.027022049
8.16,-0.027022049
8.18,-0.027429929
8.2,-0.035179649
8.22,-0.031508729
8.24,-0.02212749
8.26,-0.0079536599
8.28,0.0088713895
8.3,0.028653569
8.32,0.031610699
8.34,0.036505258
8.36,0.034771767
8.38,0.036505258
8.4,0.02926539
8.42,0.031100849
8.44,0.011420639
8.46,0.021821579
8.48,0.01386792
8.5,0.03915648
8.52,-0.087796165
8.54,-0.1376595
8.56,-0.1366398
8.58,-0.1376595
8.6,-0.1213443
8.62,-0.1060488
8.64,-0.084533129
8.66,-0.066382466
8.68,-0.04527468
8.7,-0.026308258
8.72,-0.0061181998
8.74,-0.0092792701
8.76,-0.01855854
8.78,-0.014989589
8.8,0.0086674497
8.82,0.016621109
8.84,0.0050984998
8.86,0.026920079
8.88,0.059346539
8.9,0.088407984
8.92,0.122364
8.94,0.17334899
8.96,0.1131867
8.98,-0.112167
9,-0.037321017
9.02,-0.045376648
9.04,-0.02406492
9.06,-0.097891197
9.08,-0.066892316
9.1,-0.060876089
9.12,-0.068319898
9.14,-0.056287439
9.16,-0.00275319
9.18,0.038544658
9.2,0.1091079
9.22,0.17028989
9.24,0.096565584
9.26,0.041603758
9.28,0.068013985
9.3,0.013460039
9.32,-0.0096871497
9.34,-0.053024398
9.36,-0.084329184
9.38,-0.1172655
9.4,-0.1172655
9.42,-0.08188191
9.44,-0.03762693
9.46,0.00295713
9.48,0.055573648
9.5,0.1203246
9.52,0.16417169
9.54,-0.027531899
9.56,0.00346698
9.58,-0.0057103197
9.6,0.0020393999
9.62,0.01488762
9.64,0.054757889
9.66,0.08137206
9.68,-0.020903849
9.7,-0.060162298
9.72,-0.017232929
9.74,-0.017844749
9.76,-0.0028551599
9.78,0.0075457798
9.8,0.038952539
9.82,0.057816989
9.84,0.07678341
9.86,0.081677966
9.88,0.060366239
9.9,0.030998879
9.92,0.0023453099
9.94,0.0065260799
9.96,-0.041399817
9.98,-0.045988467
10,-0.0080556298
10.02,0.017130959
10.04,0.057816989
10.06,0.0094832099
10.08,-0.0056083498
10.1,0.0044866799
10.12,-0.01254231
10.14,-0.02875554
10.16,-0.044560889
10.18,-0.03589344
10.2,-0.026002349
10.22,-0.01131867
10.24,0.020903849
10.26,0.05292243
10.28,0.087082379
10.3,0.1162458
10.32,0.074744011
10.34,0.02416689
10.36,-0.037524958
10.38,-0.027633869
10.4,-0.02212749
10.42,-0.08901981
10.44,-0.09921681
10.46,-0.060060329
10.48,-0.034261917
10.5,0.0078516895
10.52,0.026410229
10.54,0.051800757
10.56,0.036811167
10.58,0.0082595701
10.6,-0.0057103197
10.62,-0.021311729
10.64,-0.03232449
10.66,-0.024268858
10.68,-0.038340717
10.7,-0.056083498
10.72,-0.073622334
10.74,-0.08188191
10.76,-0.053330307
10.78,-0.034669799
10.8,-0.00112167
10.82,0.0066280498
10.84,-0.0037728899
10.86,-0.00050984998
10.88,-0.017130959
10.9,-0.041807699
10.92,-0.0081575997
10.94,0.0080556298
10.96,0.03813678
10.98,0.062711548
11,0.067810048
11.02,0.025900379
11.04,-0.0058122896
11.06,-0.04833378
11.08,-0.036301317
11.1,-0.024778708
11.12,-0.00489456
11.14,0.01284822
11.16,0.03864663
11.18,0.02457477
11.2,-0.02314719
11.22,-0.043643158
11.24,-0.069237629
11.26,-0.067402166
11.28,-0.060162298
11.3,-0.052310607
11.32,-0.041603758
11.34,-0.031508729
11.36,-0.027124019
11.38,-0.055165767
11.4,-0.064037157
11.42,-0.09258876
11.44,-0.1131867
11.46,-0.089835565
11.48,-0.078516897
11.5,-0.059346539
11.52,-0.048231808
11.54,-0.033956008
11.56,-0.020292029
11.58,0.0020393999
11.6,0.02151567
11.62,0.044051039
11.64,0.062507607
11.66,0.078210984
11.68,0.09513801
11.7,0.1091079
11.72,0.1152261
11.74,0.1213443
11.76,0.1274625
11.78,0.1356201
11.8,0.16213229
11.82,0.18354599
11.84,0.20801879
11.86,0.1264428
11.88,0.045070739
11.9,-0.0142758
11.92,-0.067912016
11.94,-0.056593348
11.96,-0.070665211
11.98,-0.10033848
12,-0.1274625
12.02,-0.1203246
12.04,-0.1070685
12.06,-0.093812397
12.08,-0.07576371
12.1,-0.082493729
12.12,-0.086674497
12.14,-0.087694197
12.16,-0.08800011
12.18,-0.08901981
12.2,-0.08850996
12.22,-0.090243447
12.24,-0.054757889
12.26,0.0053024396
12.28,0.021923549
12.3,0.024982649
12.32,0.059142598
12.34,0.032018579
12.36,0.02406492
12.38,0.049455448
12.4,0.060060329
12.42,0.053534248
12.44,0.036199349
12.46,0.02008809
12.48,0.020292029
12.5,0.050169239
12.52,0.034975708
12.54,0.029367358
12.56,0.044051039
12.58,0.024370829
12.6,0.0089733599
12.62,0.0078516895
12.64,-0.01509156
12.66,-0.0078516895
12.68,-0.0019374299
12.7,0.0076477497
12.72,0.0044866799
12.74,-0.014785649
12.76,-0.032222519
12.78,-0.02457477
12.8,-0.0028551599
12.82,0.01855854
12.84,0.043439217
12.86,0.04476483
12.88,0.052208639
12.9,0.047518017
12.92,0.04884363
12.94,0.019680209
12.96,0.02263734
12.98,0.027939779
13,0.040074208
13.02,0.05139288
13.04,0.058836689
13.06,0.059958357
13.08,0.083819334
13.1,0.081270084
13.12,0.096769528
13.14,0.035179649
13.16,0.0045886498
13.18,-0.01254231
13.2,-0.03538359
13.22,-0.043439217
13.24,-0.042419517
13.26,-0.028041749
13.28,-0.027531899
13.3,0.0075457798
13.32,0.043643158
13.34,-0.02355507
13.36,-0.039462389
13.38,-0.0084635099
13.4,0.014173829
13.42,0.045376648
13.44,0.00275319
13.46,-0.071073084
13.48,-0.081168116
13.5,-0.02559447
13.52,-0.01376595
13.54,0.0080556298
13.56,-0.01172655
13.58,-0.02559447
13.6,-0.033956008
13.62,-0.027429929
13.64,-0.030692969
13.66,-0.020393999
13.68,-0.0068319896
13.7,-0.0038748598
13.72,0.01070685
13.74,0.030183119
13.76,0.03507768
13.78,0.097585284
13.8,0.09156906
13.82,0.018252629
13.84,-0.036913139
13.86,-0.10135818
13.88,-0.082289784
13.9,-0.075865679
13.92,-0.05496183
13.94,-0.033650099
13.96,-0.01305216
13.98,0.0031610698
14,0.01509156
14.02,0.051800757
14.04,-0.00224334
14.06,-0.04986333
14.08,-0.036505258
14.1,-0.070461266
14.12,-0.052616517
14.14,-0.037830867
14.16,0.0089733599
14.18,0.064445039
14.2,0.085756765
14.22,0.1305216
14.24,0.1417383
14.26,0.1213443
14.28,0.076579466
14.3,0.022943249
14.32,-0.0089733599
14.34,-0.02314719
14.36,0.0075457798
14.38,0.01845657
14.4,0.05547168
14.42,0.04068603
14.44,0.0045886498
14.46,-0.0083615395
14.48,-0.018864449
14.5,-0.0020393999
14.52,0.00061182
14.54,-0.011930489
14.56,-0.021413699
14.58,-0.030896908
14.6,-0.052208639
14.62,-0.074132184
14.64,-0.05904063
14.66,-0.027124019
14.68,-0.018150659
14.7,0.0040787999
14.72,0.0099930598
14.74,0.013969889
14.76,0.02253537
14.78,0.044560889
14.8,0.0092792701
14.82,-0.055879557
14.84,-0.056593348
14.86,-0.024778708
14.88,-0.0082595701
14.9,0.025492499
14.92,0.041807699
14.94,0.01855854
14.96,-0.00275319
14.98,-0.024778708
15,-0.0015295499
15.02,0.02518659
15.04,0.049149539
15.06,0.07984251
15.08,0.063425339
15.1,0.033752067
15.12,-0.0014275799
15.14,-0.019884149
15.16,-0.02518659
15.18,-0.02161764
15.2,-0.0112167
15.22,0.0050984998
15.24,0.02457477
15.26,-0.00346698
15.28,-0.02202552
15.3,-0.048027867
15.32,-0.037015108
15.34,-0.019884149
15.36,-0.0018354599
15.38,0.017334899
15.4,-0.0081575997
15.42,0.00050984998
15.44,0.023453099
15.46,0.03813678
15.48,0.061283966
15.5,0.052616517
15.52,0.044051039
15.54,0.03507768
15.56,0.051494848
15.58,0.066586411
15.6,0.069645511
15.62,0.01753884
15.64,-0.017334899
15.66,-0.053738189
15.68,-0.067708079
15.7,-0.039462389
15.72,-0.02263734
15.74,-0.0033650098
15.76,0.012134429
15.78,-0.01305216
15.8,-0.035791467
15.82,-0.05241258
15.84,-0.034159949
15.86,-0.022229458
15.88,-0.00122364
15.9,0.014479739
15.92,0.0071378998
15.94,-0.00642411
15.96,-0.0122364
15.98,-0.03283434
16,-0.035281617
16.02,-0.0092792701
16.04,0.0074438099
16.06,0.031508729
16.08,0.048129839
16.1,0.061487907
16.12,0.058734716
16.14,0.033650099
16.16,-0.0074438099
16.18,-0.079230684
16.2,-0.061997757
16.22,-0.044662858
16.24,-0.021311729
16.26,0.0031610698
16.28,0.035689499
16.3,0.029877208
16.32,0.01233837
16.34,0.034465858
16.36,0.03232449
16.38,0.025900379
16.4,0.02100582
16.42,0.020190059
16.44,0.017742779
16.46,0.0021413698
16.48,-0.014683679
16.5,-0.034975708
16.52,-0.03456783
16.54,-0.014785649
16.56,-0.0028551599
16.58,0.017334899
16.6,-0.00978912
16.62,-0.026002349
16.64,-0.028449629
16.66,-0.039564358
16.68,-0.02467674
16.7,-0.021923549
16.72,-0.01855854
16.74,-0.017742779
16.76,-0.0038748598
16.78,-0.00275319
16.8,-0.018864449
16.82,-0.01254231
16.84,0.0088713895
16.86,0.034975708
16.88,0.070869148
16.9,0.092792697
16.92,0.08698041
16.94,0.077497197
16.96,0.052310607
16.98,0.01896642
17,0.0015295499
17.02,-0.019374299
17.04,-0.01539747
17.06,-0.0074438099
17.08,0.0021413698
17.1,0.013154129
17.12,0.021923549
17.14,0.00244728
17.16,-0.012644279
17.18,-0.03354813
17.2,-0.05292243
17.22,-0.072194761
17.24,-0.05904063
17.26,-0.047110139
17.28,-0.03130479
17.3,-0.014785649
17.32,-0.00091772994
17.34,-0.018354599
17.36,-0.032426458
17.38,-0.047416048
17.4,-0.039870267
17.42,-0.035179649
17.44,-0.032222519
17.46,-0.044356948
17.48,-0.050067267
17.5,-0.048435748
17.52,-0.042827399
17.54,-0.036811167
17.56,-0.02824569
17.58,-0.026308258
17.6,-0.014173829
17.62,-0.00693396
17.64,0.051698789
17.66,0.073622334
17.68,0.08952966
17.7,0.079740534
17.72,0.078007047
17.74,0.04476483
17.76,0.0081575997
17.78,0.0013256099
17.8,-0.01284822
17.82,-0.0015295499
17.84,0.0030590999
17.86,0.010604879
17.88,0.010604879
17.9,0.019680209
17.92,0.020903849
17.94,0.0075457798
17.96,-0.0057103197
17.98,-0.0073418396
18,0.0071378998
18.02,0.01080882
18.04,0.014989589
18.06,-0.00091772994
18.08,-0.016213229
18.1,-0.01906839
18.12,-0.00071378996
18.14,0.015805349
18.16,0.01070685
18.18,-0.01172655
18.2,-0.03079494
18.22,-0.031508729
18.24,-0.0096871497
18.26,-0.00591426
18.28,0.00040787999
18.3,0.0020393999
18.32,0.0050984998
18.34,0.0058122896
18.36,0.0098910895
18.38,0.013663979
18.4,0.01804869
18.42,0.022229458
18.44,0.026614169
18.46,0.03079494
18.48,0.035281617
18.5,0.039360417
18.52,0.04833378
18.54,0.040074208
18.56,0.024268858
18.58,0.01172655
18.6,-0.0080556298
18.62,-0.012644279
18.64,0.0055063799
18.66,0.00275319
18.68,-0.025492499
18.7,-0.057715016
18.72,-0.064241098
18.74,-0.060264266
18.76,-0.042113608
18.78,-0.00693396
18.8,0.02773584
18.82,0.02824569
18.84,-0.0021413698
18.86,-0.0061181998
18.88,-0.0112167
18.9,-0.02253537
18.92,-0.042419517
18.94,-0.05292243
18.96,-0.02263734
18.98,0.0030590999
19,0.0080556298
19.02,0.014173829
19.04,0.01743687
19.06,0.025798408
19.08,0.032936308
19.1,0.039870267
19.12,0.016723079
19.14,-0.01386792
19.16,-0.032936308
19.18,-0.029673269
19.2,-0.02926539
19.22,-0.030998879
19.24,-0.03456783
19.26,-0.024982649
19.28,-0.0077497196
19.3,0.01274625
19.32,0.038340717
19.34,0.040991939
19.36,0.024982649
19.38,0.01590732
19.4,-0.0040787999
19.42,-0.01560141
19.44,-0.029469329
19.46,-0.032222519
19.48,-0.01131867
19.5,0.0095851793
19.52,0.034159949
19.54,0.058734716
19.56,0.04323528
19.58,0.01458171
19.6,-0.00071378996
19.62,-0.01376595
19.64,-0.027531899
19.66,-0.034771767
19.68,-0.03640329
19.7,-0.040380117
19.72,-0.040991939
19.74,-0.049761357
19.76,-0.048945598
19.78,-0.041399817
19.8,-0.041501789
19.82,-0.035791467
19.84,-0.01906839
19.86,-0.0058122896
19.88,0.0044866799
19.9,-0.0019374299
19.92,-0.0073418396
19.94,-0.017232929
19.96,-0.01172655
19.98,0.01284822
20,0.036505258
20.02,0.066688379
20.04,0.073010516
20.06,0.077701134
20.08,0.075355829
20.1,0.064037157
20.12,0.04935348
20.14,0.026920079
20.16,-0.0044866799
20.18,-0.029367358
20.2,-0.03915648
20.22,-0.050169239
20.24,-0.043643158
20.26,-0.042419517
20.28,-0.028143719
20.3,-0.0053024396
20.32,0.02416689
20.34,0.043439217
20.36,0.061589879
20.38,0.046090439
20.4,0.028959479
20.42,0.01284822
20.44,-0.0055063799
20.46,-0.028041749
20.48,-0.043133308
20.5,-0.017844749
20.52,0.00010197
20.54,0.025900379
20.56,0.049047567
20.58,0.065362766
20.6,0.05649138
20.62,0.042113608
20.64,0.018762479
20.66,-0.00489456
20.68,-0.030896908
20.7,-0.054146067
20.72,-0.072194761
20.74,-0.09462816
20.76,-0.08800011
20.78,-0.064343066
20.8,-0.038340717
20.82,0.0088713895
20.84,0.031508729
20.86,0.060060329
20.88,0.062609579
20.9,0.039258449
20.92,0.035791467
20.94,0.031712669
20.96,0.02508462
20.98,0.0019374299
21,-0.020190059
21.02,-0.01611126
21.04,-0.0015295499
21.06,0.010095029
21.08,0.029163419
21.1,0.041603758
21.12,0.057409107
21.14,0.054146067
21.16,0.032018579
21.18,0.016825049
21.2,-0.00244728
21.22,-0.019272329
21.24,-0.028143719
21.26,-0.037830867
21.28,-0.045886498
21.3,-0.05445198
21.32,-0.049251508
21.34,-0.03864663
21.36,-0.030183119
21.38,-0.01998612
21.4,-0.018762479
21.42,-0.016213229
21.44,-0.012134429
21.46,-0.00540441
21.48,0.00020394
21.5,0.0060162299
21.52,-0.0023453099
21.54,-0.011420639
21.56,-0.020903849
21.58,-0.03283434
21.6,-0.039564358
21.62,-0.034771767
21.64,-0.02926539
21.66,-0.033446158
21.68,-0.041501789
21.7,-0.049659389
21.72,-0.057409107
21.74,-0.065668679
21.76,-0.056593348
21.78,-0.045478617
21.8,-0.00081575998
21.82,0.025798408
21.84,0.041909667
21.86,0.065668679
21.88,0.05904063
21.9,0.04833378
21.92,0.03915648
21.94,0.039258449
21.96,0.034669799
21.98,0.03640329
22,0.00081575998
22.02,-0.025900379
22.04,-0.046906198
22.06,-0.048027867
22.08,-0.02263734
22.1,-0.0066280498
22.12,0.016723079
22.14,0.036199349
22.16,0.05139288
22.18,0.037830867
22.2,0.028551599
22.22,0.01611126
22.24,0.0041807698
22.26,-0.00275319
22.28,0.0021413698
22.3,0.0044866799
22.32,0.010095029
22.34,0.01376595
22.36,0.0095851793
22.38,0.00591426
22.4,0.00224334
22.42,-0.0031610698
22.44,-0.0031610698
22.46,0.00040787999
22.48,-0.0025492499
22.5,-0.012644279
22.52,-0.023962949
22.54,-0.041399817
22.56,-0.054044098
22.58,-0.071480966
22.6,-0.032936308
22.62,-0.0053024396
22.64,0.0095851793
22.66,0.033446158
22.68,0.048741658
22.7,0.05190273
22.72,0.036505258
22.74,0.03487374
22.76,0.031202819
22.78,0.029061449
22.8,0.026818108
22.82,0.017130959
22.84,-0.00050984998
22.86,-0.02161764
22.88,-0.037219049
22.9,-0.031610699
22.92,-0.03028509
22.94,-0.028551599
22.96,-0.02416689
22.98,-0.027124019
23,-0.031406758
23.02,-0.037321017
23.04,-0.03640329
23.06,-0.031406758
23.08,-0.019680209
23.1,0.0019374299
23.12,0.01998612
23.14,0.016315199
23.16,0.013154129
23.18,0.0142758
23.2,0.0112167
23.22,0.01101276
23.24,0.0093812395
23.26,0.0090753293
23.28,0.0019374299
23.3,-0.01335807
23.32,-0.02518659
23.34,-0.044458917
23.36,-0.044051039
23.38,-0.030590999
23.4,-0.01957824
23.42,-0.00489456
23.44,0.0098910895
23.46,0.017130959
23.48,0.01509156
23.5,0.017640809
23.52,0.0079536599
23.54,-0.00591426
23.56,-0.021923549
23.58,-0.023860979
23.6,0.0061181998
23.62,0.02671614
23.64,0.027429929
23.66,0.0085654793
23.68,-0.0041807698
23.7,-0.02314719
23.72,-0.0077497196
23.74,0.0031610698
23.76,0.01855854
23.78,0.031610699
23.8,0.04884363
23.82,0.04680423
23.84,0.01692702
23.86,-0.00591426
23.88,-0.040380117
23.9,-0.04527468
23.92,-0.02457477
23.94,-0.01029897
23.96,0.02212749
23.98,0.026614169
24,0.01233837
24.02,0.00081575998
24.04,-0.017130959
24.06,-0.038952539
24.08,-0.057715016
24.1,-0.079638566
24.12,-0.063119429
24.14,-0.026104319
24.16,0.0044866799
24.18,0.046498317
24.2,0.07984251
24.22,0.112167
24.24,0.09717741
24.26,0.04986333
24.28,0.012440339
24.3,-0.039462389
24.32,-0.086266615
24.34,-0.1254231
24.36,-0.088102079
24.38,-0.062813516
24.4,-0.023249158
24.42,0.015295499
24.44,0.048639689
24.46,0.032936308
24.48,0.025288558
24.5,0.0096871497
24.52,0.02314719
24.54,0.034465858
24.56,0.051494848
24.58,0.060570179
24.6,0.05292243
24.62,0.056287439
24.64,0.060672148
24.66,0.062915489
24.68,0.060468207
24.7,0.047518017
24.72,0.01611126
24.74,-0.0078516895
24.76,-0.023453099
24.78,-0.030896908
24.8,-0.03354813
24.82,-0.03711708
24.84,-0.049965298
24.86,-0.067300198
24.88,-0.073724311
24.9,-0.079944479
24.92,-0.086266615
24.94,-0.057715016
24.96,-0.021311729
24.98,0.01305216
25,0.038850567
25.02,0.049761357
25.04,0.037015108
25.06,0.025492499
25.08,0.01611126
25.1,0.038442689
25.12,0.060570179
25.14,0.064241098
25.16,0.037728899
25.18,0.02212749
25.2,0.0040787999
25.22,0.0023453099
25.24,-0.0063221396
25.26,-0.029163419
25.28,-0.038748599
25.3,-0.046600289
25.32,-0.051494848
25.34,-0.079230684
25.36,-0.064037157
25.38,-0.019272329
25.4,0.019272329
25.42,0.05190273
25.44,0.075865679
25.46,0.076375529
25.48,0.057307139
25.5,0.046396348
25.52,0.053534248
25.54,0.064750948
25.56,0.074540066
25.58,0.086776465
25.6,0.094526184
25.62,0.099420747
25.64,0.094730128
25.66,0.083003579
25.68,0.026920079
25.7,-0.029469329
25.72,-0.091874965
25.74,-0.1386792
25.76,-0.087592229
25.78,-0.047721958
25.8,0.0082595701
25.82,0.060570179
25.84,0.08392131
25.86,0.056695316
25.88,0.030692969
25.9,-0.00112167
25.92,-0.038748599
25.94,-0.03538359
25.96,-0.0020393999
25.98,0.018354599
26,0.064547007
26.02,0.1029897
26.04,0.1142064
26.06,0.1131867
26.08,0.095851797
26.1,0.082085847
26.12,0.061997757
26.14,0.051800757
26.16,0.02100582
26.18,-0.02049597
26.2,-0.058326839
26.22,-0.1040094
26.24,-0.1356201
26.26,-0.1254231
26.28,-0.1233837
26.3,-0.1029897
26.32,-0.077701134
26.34,-0.055879557
26.36,-0.04986333
26.38,-0.041297849
26.4,-0.029673269
26.42,-0.01794672
26.44,-0.01437777
26.46,-0.0099930598
26.48,-0.0050984998
26.5,0.0019374299
26.52,0.0081575997
26.54,0.0035689499
26.56,-0.00295713
26.58,-0.0062201697
26.6,-0.00346698
26.62,-0.0013256099
26.64,0.0077497196
26.66,0.020903849
26.68,0.03334419
26.7,0.045886498
26.72,0.058836689
26.74,0.057307139
26.76,0.04731408
26.78,0.030590999
26.8,0.010910789
26.82,-0.00040787999
26.84,-0.0033650098
26.86,-0.0070359299
26.88,-0.01029897
26.9,-0.02049597
26.92,-0.019170359
26.94,0.0025492499
26.96,0.013663979
26.98,0.024778708
27,0.027124019
27.02,0.027022049
27.04,0.015805349
27.06,-0.0019374299
27.08,-0.0096871497
27.1,-0.02202552
27.12,-0.01702899
27.14,-0.0122364
27.16,-0.0065260799
27.18,-0.013154129
27.2,-0.016621109
27.22,-0.019680209
27.24,-0.02467674
27.26,-0.02406492
27.28,-0.017844749
27.3,-0.012644279
27.32,-0.018864449
27.34,-0.027022049
27.36,-0.032936308
27.38,-0.034261917
27.4,-0.04629438
27.42,-0.043847098
27.44,-0.03405798
27.46,-0.021719608
27.48,-0.0070359299
27.5,0.0030590999
27.52,0.00030591
27.54,-0.0094832099
27.56,-0.0090753293
27.58,-0.015295499
27.6,-0.016723079
27.62,-0.024268858
27.64,-0.032936308
27.66,-0.042929367
27.68,-0.046600289
27.7,-0.040482089
27.72,-0.03558753
27.74,-0.026308258
27.76,-0.01753884
27.78,-0.0020393999
27.8,0.01590732
27.82,0.028959479
27.84,0.036913139
27.86,0.03609738
27.88,0.027429929
27.9,0.01029897
27.92,-0.0045886498
27.94,-0.01274625
27.96,-0.024982649
27.98,-0.023351129
28,-0.01284822
28.02,-0.00693396
28.04,0.0018354599
28.06,0.0094832099
28.08,0.020393999
28.1,0.029163419
28.12,0.037219049
28.14,0.031712669
28.16,0.01845657
28.18,0.00244728
28.2,-0.01590732
28.22,-0.032528428
28.24,-0.022331429
28.26,-0.01203246
28.28,0.0015295499
28.3,0.01560141
28.32,0.030387058
28.34,0.024778708
28.36,0.01386792
28.38,0.010400939
28.4,0.00244728
28.42,-0.0010197
28.44,-0.0023453099
28.46,-0.0036709198
28.48,-0.00489456
28.5,-0.0090753293
28.52,-0.015805349
28.54,-0.01509156
28.56,-0.0077497196
28.58,0
28.6,-0.0020393999
28.62,-0.01509156
28.64,-0.022943249
28.66,-0.03813678
28.68,-0.037219049
28.7,-0.02559447
28.72,-0.016723079
28.74,-0.0014275799
28.76,0.01560141
28.78,0.03079494
28.8,0.040074208
28.82,0.041399817
28.84,0.039258449
28.86,0.03354813
28.88,0.018660509
28.9,0.01274625
28.92,0.0071378998
28.94,-0.00010197
28.96,-0.00693396
28.98,-0.0132561
29,-0.01305216
29.02,-0.01172655
29.04,-0.010400939
29.06,-0.0085654793
29.08,-0.01437777
29.1,-0.020903849
29.12,-0.027429929
29.14,-0.035689499
29.16,-0.03660723
29.18,-0.03028509
29.2,-0.02314719
29.22,0.0018354599
29.24,0.010095029
29.26,0.020699909
29.28,0.026104319
29.3,0.020292029
29.32,0.016315199
29.34,0.010910789
29.36,0.01590732
29.38,0.020190059
29.4,0.02467674
29.42,0.01437777
29.44,0.0056083498
29.46,-0.0067300197
29.48,-0.0098910895
29.5,-0.0026512198
29.52,0.00163152
29.54,0.010197
29.56,0.0095851793
29.58,0.00397683
29.6,0
29.62,-0.0067300197
29.64,-0.010095029
29.66,-0.011114729
29.68,-0.01172655
29.7,-0.01335807
29.72,-0.017130959
29.74,-0.020292029
29.76,-0.010604879
29.78,-0.0010197
29.8,0.0056083498
29.82,0.013154129
29.84,0.020393999
29.86,0.020292029
29.88,0.017232929
29.9,0.01458171
29.92,0.011114729
29.94,0.01305216
29.96,0.015499439
29.98,0.013969889
30,0.011930489
30.02,0.0098910895
30.04,0.0061181998
30.06,-0.0028551599
30.08,-0.0050984998
30.1,-0.0085654793
30.12,-0.018150659
30.14,-0.032732367
30.16,-0.042827399
30.18,-0.052820457
30.2,-0.048129839
30.22,-0.04017618
30.24,-0.029571299
30.26,-0.0112167
30.28,0.0050984998
30.3,0.013460039
30.32,0.016009289
30.34,0.01804869
30.36,0.019884149
30.38,0.026002349
30.4,0.033752067
30.42,0.033446158
30.44,0.02569644
30.46,0.017640809
30.48,0.0045886498
30.5,-0.0086674497
30.52,-0.019374299
30.54,-0.023351129
30.56,-0.030998879
30.58,-0.02824569
30.6,-0.02314719
30.62,-0.017742779
30.64,-0.01233837
30.66,-0.01284822
30.68,-0.013154129
30.7,-0.0081575997
30.72,-0.0026512198
30.74,0.00397683
30.76,0.0066280498
30.78,0.0056083498
30.8,0.0050984998
30.82,0.0065260799
30.84,0.01284822
30.86,0.018252629
30.88,0.024778708
30.9,0.03130479
30.92,0.030387058
30.94,0.02559447
30.96,0.02202552
30.98,0.016621109
31,0.01957824
31.02,0.023860979
31.04,0.02875554
31.06,0.030692969
31.08,0.01998612
31.1,0.01080882
31.12,-0.00397683
31.14,-0.016621109
31.16,-0.03283434
31.18,-0.034159949
31.2,-0.022331429
31.22,-0.01509156
31.24,-0.0010197
31.26,0.00112167
31.28,-0.00540441
31.3,-0.01029897
31.32,-0.01284822
31.34,-0.01458171
31.36,-0.013154129
31.38,-0.010604879
31.4,-0.0072398697
31.42,-0.0018354599
31.44,0.0033650098
31.46,0.0086674497
31.48,0.01611126
31.5,0.024370829
31.52,0.032528428
31.54,0.034771767
31.56,0.032426458
31.58,0.021719608
31.6,0.0074438099
31.62,0.00091772994
31.64,-0.0015295499
31.66,-0.0047925896
31.68,-0.0076477497
31.7,-0.01233837
31.72,-0.01590732
31.74,-0.01182852
31.76,-0.0057103197
31.78,-0.00061182
31.8,-0.00030591
31.82,-0.00030591
31.84,0.0014275799
31.86,0.0046906197
31.88,0.0073418396
31.9,0.0087694201
31.92,0.0099930598
31.94,0.012644279
31.96,0.014989589
31.98,0.01753884
32,0.020393999
32.02,0.026104319
32.04,0.03232449
32.06,0.02926539
32.08,0.02355507
32.1,0.01070685
32.12,-0.00010197
32.14,-0.00112167
32.16,-0.0036709198
32.18,-0.00540441
32.2,-0.0084635099
32.22,-0.0053024396
32.24,-0.00071378996
32.26,0.0037728899
32.28,0.00978912
32.3,0.015805349
32.32,0.020903849
32.34,0.01458171
32.36,0.0074438099
32.38,0.0021413698
32.4,-0.00224334
32.42,-0.0071378998
32.44,-0.010197
32.46,-0.0076477497
32.48,-0.0055063799
32.5,-0.00295713
32.52,-0.0015295499
32.54,0
32.56,-0.00010197
32.58,-0.00061182
32.6,-0.00112167
32.62,-0.0010197
32.64,-0.00030591
32.66,0.00010197
32.68,0.00163152
32.7,0.00540441
32.72,0.0087694201
32.74,0.01284822
32.76,0.015703379
32.78,0.01335807
32.8,0.010400939
32.82,0.0057103197
32.84,0.00061182
32.86,-0.0040787999
32.88,-0.0099930598
32.9,-0.00978912
32.92,-0.0046906197
32.94,-0.00071378996
32.96,0.0031610698
32.98,0.0045886498
33,0.00693396
33.02,0.0053024396
33.04,0.0045886498
33.06,0.0018354599
33.08,-0.00020394
33.1,-0.00295713
33.12,-0.0028551599
33.14,-0.00173349
33.16,-0.00061182
33.18,-0.00050984998
33.2,-0.00173349
33.22,-0.00224334
33.24,-0.0036709198
33.26,-0.0032630399
33.28,-0.00071378996
33.3,0.0014275799
33.32,0.0041807698
33.34,0.0066280498
33.36,0.00642411
33.38,0.0053024396
33.4,0.00061182
33.42,-0.0045886498
33.44,-0.0077497196
33.46,-0.0065260799
33.48,-0.0066280498
33.5,-0.010910789
33.52,-0.01641717
33.54,-0.017742779
33.56,-0.011930489
33.58,-0.0071378998
33.6,-0.0036709198
33.62,-0.0025492499
33.64,-0.00020394
33.66,0.00040787999
33.68,0.0036709198
33.7,0.0083615395
33.72,0.01172655
33.74,0.0071378998
33.76,0.0038748598
33.78,-0.0010197
33.8,-0.0025492499
33.82,-0.00346698
33.84,-0.0041807698
33.86,-0.0045886498
33.88,-0.0066280498
33.9,-0.0122364
33.92,-0.011930489
33.94,-0.01101276
33.96,-0.0099930598
33.98,-0.0082595701
34,-0.0077497196
34.02,-0.0112167
34.04,-0.01407186
34.06,-0.01692702
34.08,-0.014683679
34.1,-0.0132561
34.12,-0.01131867
34.14,-0.01101276
34.16,-0.0099930598
34.18,-0.0099930598
34.2,-0.00642411
34.22,-0.00020394
34.24,0.0055063799
34.26,0.0112167
34.28,0.015499439
34.3,0.02008809
34.32,0.017334899
34.34,0.0142758
34.36,0.01050291
34.38,0.0065260799
34.4,0.0010197
34.42,-0.0068319896
34.44,-0.01070685
34.46,-0.012440339
34.48,-0.01407186
34.5,-0.01692702
34.52,-0.021923549
34.54,-0.027429929
34.56,-0.027939779
34.58,-0.02212749
34.6,-0.018150659
34.62,-0.01182852
34.64,-0.0062201697
34.66,0
34.68,0.0055063799
34.7,0.010095029
34.72,0.014683679
34.74,0.01906839
34.76,0.02365704
34.78,0.02671614
34.8,0.026002349
34.82,0.02314719
34.84,0.01743687
34.86,0.012950189
34.88,0.0055063799
34.9,-0.0047925896
34.92,-0.015193529
34.94,-0.021413699
34.96,-0.025900379
34.98,-0.02569644
35,-0.024982649
35.02,-0.02304522
35.04,-0.018252629
35.06,-0.01386792
35.08,-0.0083615395
35.1,-0.0014275799
35.12,0.0044866799
35.14,0.0090753293
35.16,0.0098910895
35.18,0.010197
35.2,0.010197
35.22,0.010604879
35.24,0.01386792
35.26,0.01233837
35.28,0.010197
35.3,0.0073418396
35.32,0.0019374299
35.34,-0.0028551599
35.36,-0.0084635099
35.38,-0.01335807
35.4,-0.019374299
35.42,-0.019782179
35.44,-0.014173829
35.46,-0.010197
35.48,-0.0044866799
35.5,-0.0044866799
35.52,-0.0040787999
35.54,-0.0045886498
35.56,-0.0049965299
35.58,-0.00397683
35.6,-0.0021413698
35.62,-0.00224334
35.64,-0.00163152
35.66,-0.00163152
35.68,-0.00122364
35.7,-0.00122364
35.72,0.0028551599
35.74,0.00693396
35.76,0.01172655
35.78,0.00978912
35.8,0.0057103197
35.82,0.00173349
35.84,-0.0031610698
35.86,-0.0079536599
35.88,-0.0093812395
35.9,-0.0093812395
35.92,-0.0096871497
35.94,-0.0093812395
35.96,-0.0087694201
35.98,-0.0053024396
36,-0.00224334
36.02,0.0014275799
36.04,0.0038748598
36.06,0.00346698
36.08,0.00346698
36.1,0.00295713
36.12,0.0040787999
36.14,0.0055063799
36.16,0.0068319896
36.18,0.0086674497
36.2,0.0088713895
36.22,0.0078516895
36.24,0.0071378998
36.26,0.0062201697
36.28,0.0076477497
36.3,0.0088713895
36.32,0.010400939
36.34,0.01131867
36.36,0.0091772997
36.38,0.0076477497
36.4,0.00540441
36.42,0.0063221396
36.44,0.0080556298
36.46,0.0098910895
36.48,0.01203246
36.5,0.01376595
36.52,0.01070685
36.54,0.0078516895
36.56,0.0044866799
36.58,0.00122364
36.6,-0.0021413698
36.62,-0.0042827397
36.64,-0.00693396
36.66,-0.0088713895
36.68,-0.0122364
36.7,-0.016213229
36.72,-0.020190059
36.74,-0.023759008
36.76,-0.026308258
36.78,-0.027531899
36.8,-0.028347658
36.82,-0.02926539
36.84,-0.028347658
36.86,-0.027531899
36.88,-0.026308258
36.9,-0.02559447
36.92,-0.022331429
36.94,-0.017640809
36.96,-0.013154129
36.98,-0.011114729
37,-0.01070685
37.02,-0.0096871497
37.04,-0.0092792701
37.06,-0.0073418396
37.08,-0.0060162299
37.1,-0.0040787999
37.12,-0.0023453099
37.14,0.0018354599
37.16,0.0035689499
37.18,0.0042827397
37.2,0.00489456
37.22,0.00438471
37.24,0.00438471
37.26,0.0038748598
37.28,0.0036709198
37.3,0.0032630399
37.32,0.0047925896
37.34,0.00642411
37.36,0.0086674497
37.38,0.0112167
37.4,0.013663979
37.42,0.016315199
37.44,0.01845657
37.46,0.017640809
37.48,0.017130959
37.5,0.016213229
37.52,0.014989589
37.54,0.01101276
37.56,0.00693396
37.58,0.0032630399
37.6,0.00091772994
37.62,0.0019374299
37.64,0.0028551599
37.66,0.0040787999
37.68,0.0055063799
37.7,0.0070359299
37.72,0.0096871497
37.74,0.011930489
37.76,0.01458171
37.78,0.01458171
37.8,0.01274625
37.82,0.012440339
37.84,0.012644279
37.86,0.01284822
37.88,0.0132561
37.9,0.01356201
37.92,0.01080882
37.94,0.0080556298
37.96,0.0046906197
37.98,0.0020393999
38,0.00050984998
38.02,-0.00112167
38.04,-0.0025492499
38.06,-0.00112167
38.08,0.0018354599
38.1,0.00438471
38.12,0.0077497196
38.14,0.01050291
38.16,0.01356201
38.18,0.01029897
38.2,0.0063221396
38.22,0.0018354599
38.24,-0.00275319
38.26,-0.0081575997
38.28,-0.0090753293
38.3,-0.0055063799
38.32,-0.0030590999
38.34,0.00061182
38.36,0.00122364
38.38,0.00224334
38.4,0.00275319
38.42,0.0032630399
38.44,0.00489456
38.46,0.0070359299
38.48,0.0090753293
38.5,0.011420639
38.52,0.01356201
38.54,0.0142758
38.56,0.013969889
38.58,0.0142758
38.6,0.01376595
38.62,0.014173829
38.64,0.010400939
38.66,0.0030590999
38.68,-0.0032630399
38.7,-0.00642411
38.72,-0.0086674497
38.74,-0.011420639
38.76,-0.016009289
38.78,-0.02008809
38.8,-0.019170359
38.82,-0.01855854
38.84,-0.017334899
38.86,-0.01590732
38.88,-0.014479739
38.9,-0.013154129
38.92,-0.01274625
38.94,-0.0122364
38.96,-0.01182852
38.98,-0.011624579
39,-0.01080882
39.02,-0.0065260799
39.04,-0.0021413698
39.06,0.00020394
39.08,-0.00040787999
39.1,-0.00040787999
39.12,-0.0014275799
39.14,-0.0019374299
39.16,-0.00081575998
39.18,0.00112167
39.2,0.00275319
39.22,0.0050984998
39.24,0.00540441
39.26,0.0042827397
39.28,0.0030590999
39.3,0.00112167
39.32,-0.00050984998
39.34,-0.00244728
39.36,-0.0020393999
39.38,-0.00071378996
39.4,0.00040787999
39.42,0.0019374299
39.44,0.0033650098
39.46,0.00489456
39.48,0.0058122896
39.5,0.0066280498
39.52,0.0075457798
39.54,0.0082595701
39.56,0.0092792701
39.58,0.012950189
39.6,0.017232929
39.62,0.014683679
39.64,0.01070685
39.66,0.0071378998
39.68,0.0035689499
39.7,0.00020394
39.72,-0.0032630399
39.74,-0.0065260799
39.76,-0.0096871497
39.78,-0.0092792701
39.8,-0.0084635099
39.82,-0.0074438099
39.84,-0.0052004697
39.86,-0.0030590999
39.88,-0.00040787999
39.9,0.0033650098
39.92,0.0053024396
39.94,0.0044866799
39.96,0.0040787999
39.98,0.0030590999
40,0.0020393999
40.02,0.0010197
40.04,0.00010197
40.06,-0.0010197
40.08,-0.0014275799
40.1,0.00020394
40.12,0.00163152
40.14,0.0030590999
40.16,0.0023453099
40.18,0.00163152
40.2,0.00163152
40.22,0.0026512198
40.24,0.0032630399
40.26,0.0045886498
40.28,0.0046906197
40.3,0.0021413698
40.32,-0.00030591
40.34,-0.0030590999
40.36,-0.0061181998
40.38,-0.0088713895
40.4,-0.01182852
40.42,-0.010910789
40.44,-0.0095851793
40.46,-0.0079536599
40.48,-0.00693396
40.5,-0.00642411
40.52,-0.0058122896
40.54,-0.0050984998
40.56,-0.0041807698
40.58,-0.0033650098
40.6,-0.00244728
40.62,-0.0014275799
40.64,-0.00050984998
40.66,0.00040787999
40.68,0.0013256099
40.7,0.0021413698
40.72,0.00010197
40.74,-0.0018354599
40.76,-0.0040787999
40.78,-0.0065260799
40.8,-0.0088713895
40.82,-0.0112167
40.84,-0.013154129
40.86,-0.01539747
40.88,-0.016825049
40.9,-0.017742779
40.92,-0.018762479
40.94,-0.019782179
40.96,-0.02059794
40.98,-0.021719608
41,-0.020190059
41.02,-0.017640809
41.04,-0.01376595
41.06,-0.0066280498
41.08,-0.0014275799
41.1,0.0020393999
41.12,0.0056083498
41.14,0.0083615395
41.16,0.0090753293
41.18,0.010400939
41.2,0.0094832099
41.22,0.0081575997
41.24,0.0062201697
41.26,0.0033650098
41.28,0.00030591
41.3,-0.00244728
41.32,-0.0058122896
41.34,-0.0045886498
41.36,-0.0013256099
41.38,0.0013256099
41.4,0.0033650098
41.42,0.00489456
41.44,0.0055063799
41.46,0.00591426
41.48,0.0063221396
41.5,0.0066280498
41.52,0.0070359299
41.54,0.0073418396
41.56,0.0076477497
41.58,0.0078516895
41.6,0.0074438099
41.62,0.0070359299
41.64,0.0065260799
41.66,0.00591426
41.68,0.0055063799
41.7,0.00489456
41.72,0.0062201697
41.74,0.0080556298
41.76,0.00978912
41.78,0.011624579
41.8,0.01284822
41.82,0.014173829
41.84,0.01335807
41.86,0.01254231
41.88,0.011624579
41.9,0.01050291
41.92,0.0088713895
41.94,0.0073418396
41.96,0.0057103197
41.98,0.0040787999
42,0.00244728
42.02,0.00071378996
42.04,0.00040787999
42.06,0.00081575998
42.08,0.00091772994
42.1,0.0023453099
42.12,0.0042827397
42.14,0.0053024396
42.16,0.0062201697
42.18,0.0073418396
42.2,0.0080556298
42.22,0.0090753293
42.24,0.0096871497
42.26,0.0096871497
42.28,0.0094832099
42.3,0.0090753293
42.32,0.0025492499
42.34,0
42.36,-0.00050984998
42.38,-0.0020393999
42.4,-0.00244728
42.42,-0.0033650098
42.44,-0.00489456
42.46,-0.0065260799
42.48,-0.0081575997
42.5,-0.0098910895
42.52,-0.011624579
42.54,-0.01305216
42.56,-0.01080882
42.58,-0.0090753293
42.6,-0.0067300197
42.62,-0.00438471
42.64,-0.0019374299
42.66,-0.00112167
42.68,-0.00091772994
42.7,-0.00050984998
42.72,-0.00040787999
42.74,0.00050984998
42.76,0.0014275799
42.78,0.00244728
42.8,0.0035689499
42.82,0.00438471
42.84,0.0044866799
42.86,0.00397683
42.88,0.0013256099
42.9,-0.00081575998
42.92,-0.0036709198
42.94,-0.0047925896
42.96,-0.0056083498
42.98,-0.0063221396
43,-0.00693396
43.02,-0.0074438099
43.04,-0.0081575997
43.06,-0.0076477497
43.08,-0.0065260799
43.1,-0.0028551599
43.12,0.00050984998
43.14,0.0046906197
43.16,0.0066280498
43.18,0.0061181998
43.2,0.0061181998
43.22,0.0055063799
43.24,0.0049965299
43.26,0.0044866799
43.28,0.00397683
43.3,0.00295713
43.32,0
43.34,-0.0026512198
43.36,-0.0053024396
43.38,-0.0042827397
43.4,-0.0037728899
43.42,-0.0025492499
43.44,-0.0015295499
43.46,-0.00020394
43.48,0.00020394
43.5,0
43.52,-0.00010197
43.54,-0.00040787999
43.56,-0.00071378996
43.58,-0.00061182
43.6,-0.00010197
43.62,0.00030591
43.64,0.00071378996
43.66,-0.00010197
43.68,-0.00071378996
43.7,-0.0015295499
43.72,-0.00244728
43.74,-0.00295713
43.76,-0.0028551599
43.78,-0.0028551599
43.8,-0.0025492499
43.82,-0.00244728
43.84,-0.0021413698
43.86,-0.00275319
43.88,-0.0044866799
43.9,-0.00591426
43.92,-0.0077497196
43.94,-0.0085654793
43.96,-0.0083615395
43.98,-0.0084635099
44,-0.0076477497
44.02,-0.0050984998
44.04,-0.0028551599
44.06,-0.00020394
44.08,0.0018354599
44.1,0.0018354599
44.12,0.0021413698
44.14,0.0021413698
44.16,0.0021413698
44.18,0.0031610698
44.2,0.00438471
44.22,0.0049965299
44.24,0.0049965299
44.26,0.0049965299
44.28,0.00489456
44.3,0.0047925896
44.32,0.0053024396
44.34,0.0068319896
44.36,0.0080556298
44.38,0.0096871497
44.4,0.0098910895
44.42,0.00978912
44.44,0.00978912
44.46,0.0094832099
44.48,0.0092792701
44.5,0.0090753293
44.52,0.0088713895
44.54,0.0085654793
44.56,0.0083615395
44.58,0.0081575997
44.6,0.0078516895
44.62,0.0063221396
44.64,0.0047925896
44.66,0.0035689499
44.68,0.0036709198
44.7,0.00346698
44.72,0.0035689499
44.74,0.0036709198
44.76,0.0032630399
44.78,0.0019374299
44.8,0.0015295499
44.82,0.0014275799
44.84,0.00122364
44.86,0.00122364
44.88,0.00112167
44.9,0
44.92,-0.0010197
44.94,-0.0020393999
44.96,-0.0025492499
44.98,-0.00295713
45,-0.0033650098
45.02,-0.0037728899
45.04,-0.00489456
45.06,-0.00642411
45.08,-0.0078516895
45.1,-0.0093812395
45.12,-0.010910789
45.14,-0.012440339
45.16,-0.01407186
45.18,-0.01458171
45.2,-0.0122364
45.22,-0.01050291
45.24,-0.0079536599
45.26,-0.0068319896
45.28,-0.00642411
45.3,-0.00591426
45.32,-0.0057103197
45.34,-0.00540441
45.36,-0.0050984998
45.38,-0.00489456
45.4,-0.0045886498
45.42,-0.0042827397
45.44,-0.00397683
45.46,-0.0031610698
45.48,-0.0026512198
45.5,-0.00112167
45.52,0.0010197
45.54,0.0031610698
45.56,0.0046906197
45.58,0.00489456
45.6,0.0055063799
45.62,0.0056083498
45.64,0.00642411
45.66,0.0085654793
45.68,0.01029897
45.7,0.0085654793
45.72,0.0072398697
45.74,0.00540441
45.76,0.0033650098
45.78,0.0028551599
45.8,0.00295713
45.82,0.0028551599
45.84,0.00275319
45.86,0.00122364
45.88,-0.00010197
45.9,-0.0010197
45.92,-0.00112167
45.94,-0.00163152
45.96,-0.0015295499
45.98,-0.0031610698
46,-0.00693396
46.02,-0.010095029
46.04,-0.010400939
46.06,-0.01070685
46.08,-0.01080882
46.1,-0.010095029
46.12,-0.0090753293
46.14,-0.0080556298
46.16,-0.0075457798
46.18,-0.0073418396
46.2,-0.00693396
46.22,-0.0068319896
46.24,-0.00642411
46.26,-0.0040787999
46.28,-0.0013256099
46.3,0.0013256099
46.32,0.00438471
46.34,0.0072398697
46.36,0.010095029
46.38,0.0087694201
46.4,0.00642411
46.42,0.0041807698
46.44,0.0013256099
46.46,-0.0014275799
46.48,-0.0035689499
46.5,-0.0037728899
46.52,-0.0044866799
46.54,-0.0046906197
46.56,-0.0049965299
46.58,-0.0052004697
46.6,-0.0055063799
46.62,-0.0057103197
46.64,-0.00591426
46.66,-0.0046906197
46.68,-0.00295713
46.7,-0.0013256099
46.72,0.00071378996
46.74,0.00173349
46.76,0.0019374299
46.78,0.0025492499
46.8,0.0025492499
46.82,0.0035689499
46.84,0.0050984998
46.86,0.0065260799
46.88,0.0081575997
46.9,0.0095851793
46.92,0.0098910895
46.94,0.010400939
46.96,0.01070685
46.98,0.01101276
47,0.0112167
47.02,0.010604879
47.04,0.010095029
47.06,0.0094832099
47.08,0.0087694201
47.1,0.0080556298
47.12,0.0073418396
47.14,0.00642411
47.16,0.0056083498
47.18,0.0046906197
47.2,0.0038748598
47.22,0.0031610698
47.24,0.00275319
47.26,0.0021413698
47.28,0.00173349
47.3,0.00122364
47.32,0.00071378996
47.34,0.00030591
47.36,0.00081575998
47.38,0.0013256099
47.4,0.0019374299
47.42,0.00224334
47.44,0.00091772994
47.46,-0.00030591
47.48,-0.00173349
47.5,-0.0031610698
47.52,-0.0047925896
47.54,-0.00540441
47.56,-0.00489456
47.58,-0.00438471
47.6,-0.0038748598
47.62,-0.0025492499
47.64,-0.00091772994
47.66,0.00071378996
47.68,0.00173349
47.7,0.00224334
47.72,0.0035689499
47.74,0.0062201697
47.76,0.0084635099
47.78,0.011420639
47.8,0.010910789
47.82,0.0088713895
47.84,0.0072398697
47.86,0.0047925896
47.88,0.00275319
47.9,0.00040787999
47.92,-0.00163152
47.94,-0.00244728
47.96,-0.0033650098
47.98,-0.0046906197
48,-0.0070359299
48.02,-0.0085654793
48.04,-0.0089733599
48.06,-0.0094832099
48.08,-0.0096871497
48.1,-0.0098910895
48.12,-0.010095029
48.14,-0.01029897
48.16,-0.010400939
48.18,-0.0099930598
48.2,-0.0096871497
48.22,-0.0091772997
48.24,-0.0088713895
48.26,-0.0090753293
48.28,-0.0092792701
48.3,-0.0094832099
48.32,-0.00978912
48.34,-0.0098910895
48.36,-0.0089733599
48.38,-0.0082595701
48.4,-0.0072398697
48.42,-0.00693396
48.44,-0.00693396
48.46,-0.0068319896
48.48,-0.0068319896
48.5,-0.0067300197
48.52,-0.0067300197
48.54,-0.0065260799
48.56,-0.0057103197
48.58,-0.0050984998
48.6,-0.00438471
48.62,-0.00346698
48.64,-0.0023453099
48.66,-0.0013256099
48.68,-0.00020394
48.7,0.0010197
48.72,0.00173349
48.74,0.00091772994
48.76,0.00030591
48.78,-0.00050984998
48.8,-0.0014275799
48.82,-0.00071378996
48.84,0.00061182
48.86,0.00163152
48.88,0.0013256099
48.9,0.00122364
48.92,0.00081575998
48.94,0.00050984998
48.96,0
48.98,0.00020394
49,0.00091772994
49.02,0.0014275799
49.04,0.0021413698
49.06,0.00224334
49.08,0.0010197
49.1,0
49.12,-0.00122364
49.14,-0.00244728
49.16,-0.00244728
49.18,-0.0019374299
49.2,-0.00163152
49.22,-0.0018354599
49.24,-0.00224334
49.26,-0.00275319
49.28,-0.0030590999
49.3,-0.0026512198
49.32,-0.00224334
49.34,-0.00224334
49.36,-0.0032630399
49.38,-0.0041807698
49.4,-0.0052004697
49.42,-0.0046906197
49.44,-0.00438471
49.46,-0.0038748598
49.48,-0.0032630399
49.5,-0.0026512198
49.52,-0.0020393999
49.54,-0.0019374299
49.56,-0.0018354599
49.58,-0.0015295499
49.6,0.0013256099
49.62,0.0041807698
49.64,0.0068319896
49.66,0.0071378998
49.68,0.0077497196
49.7,0.0079536599
49.72,0.0081575997
49.74,0.0082595701
49.76,0.0085654793
49.78,0.0079536599
49.8,0.0062201697
49.82,0.00489456
49.84,0.0031610698
49.86,0.00295713
49.88,0.0030590999
49.9,0.0032630399
49.92,0.0035689499
49.94,0.0037728899
49.96,0.00244728
49.98,0.00071378996
50,-0.00081575998
50.02,-0.0028551599
50.04,-0.0035689499
50.06,-0.00224334
50.08,-0.0013256099
50.1,0.00010197
50.12,0.00030591
50.14,0.00010197
50.16,-0.00010197
50.18,-0.00050984998
50.2,-0.00081575998
50.22,-0.00112167
50.24,-0.0015295499
50.26,-0.00122364
50.28,-0.00081575998
50.3,-0.00040787999
50.32,0.00010197
50.34,0.00050984998
50.36,0.00081575998
50.38,0.00081575998
50.4,0.00091772994
50.42,0.0010197
50.44,0.00224334
50.46,0.0033650098
50.48,0.0046906197
50.5,0.0060162299
50.52,0.0073418396
50.54,0.0080556298
50.56,0.0063221396
50.58,0.0050984998
50.6,0.0032630399
50.62,0.00163152
50.64,-0.00040787999
50.66,0
50.68,0.0030590999
50.7,0.0053024396
50.72,0.0088713895
50.74,0.0083615395
50.76,0.0031610698
50.78,-0.00020394
50.8,-0.0063221396
50.82,-0.0028551599
50.84,0.00591426
50.86,0.0132561
50.88,0.02253537
50.9,0.018864449
50.92,0.0095851793
50.94,0.0092792701
50.96,0.0078516895
50.98,0.0091772997
51,0.00163152
51.02,-0.0085654793
51.04,-0.020393999
51.06,-0.01509156
51.08,-0.00071378996
51.1,0.010910789
51.12,0.010095029
51.14,0.00489456
51.16,0.00030591
51.18,-0.0070359299
51.2,-0.010910789
51.22,-0.0015295499
51.24,0.0070359299
51.26,0.01407186
51.28,0.0068319896
51.3,0.0020393999
51.32,0.0035689499
51.34,0.0091772997
51.36,0.0087694201
51.38,0.0053024396
51.4,0.00244728
51.42,0.00163152
51.44,0.0013256099
51.46,-0.00112167
51.48,-0.00346698
51.5,-0.0068319896
51.52,-0.0055063799
51.54,-0.0020393999
51.56,0.0014275799
51.58,0.00489456
51.6,0.0098910895
51.62,0.00591426
51.64,-0.00489456
51.66,-0.012134429
51.68,-0.0096871497
51.7,-0.0061181998
51.72,-0.00244728
51.74,0.0032630399
51.76,0.0038748598
51.78,0.0014275799
51.8,-0.00010197
51.82,-0.00071378996
51.84,0.00061182
51.86,0.0010197
51.88,0.00244728
51.9,0.0013256099
51.92,0.00040787999
51.94,-0.00081575998
51.96,-0.00275319
51.98,-0.0056083498
52,-0.0085654793
52.02,-0.0094832099
52.04,-0.0062201697
52.06,-0.0036709198
52.08,-0.00020394
52.1,0.0033650098
52.12,0.0037728899
52.14,-0.0014275799
52.16,-0.0045886498
52.18,-0.01050291
52.2,-0.0078516895
52.22,-0.0023453099
52.24,0.0031610698
52.26,0.0041807698
52.28,0.0026512198
52.3,0.0013256099
52.32,0.0015295499
52.34,0.0062201697
52.36,0.0074438099
52.38,0.0075457798
52.4,0.0077497196
52.42,0.0074438099
52.44,0.0072398697
52.46,0.0058122896
52.48,0.0038748598
52.5,0.0021413698
52.52,-0.00020394
52.54,-0.0033650098
52.56,-0.0065260799
52.58,-0.00693396
52.6,-0.0052004697
52.62,-0.0055063799
52.64,-0.0055063799
52.66,-0.0058122896
52.68,-0.0033650098
52.7,0
52.72,0.0033650098
52.74,0.0071378998
52.76,0.00978912
52.78,0.0086674497
52.8,0.0081575997
52.82,0.00693396
52.84,0.0076477497
52.86,0.0078516895
52.88,0.0086674497
52.9,0.0062201697
52.92,0.0037728899
52.94,0.00071378996
52.96,-0.00010197
52.98,0.00040787999
53,0.00050984998
53.02,-0.0010197
53.04,-0.00295713
53.06,-0.0046906197
53.08,-0.0070359299
53.1,-0.0066280498
53.12,-0.0044866799
53.14,-0.0028551599
53.16,-0.00071378996
53.18,-0.0023453099
53.2,-0.0033650098
53.22,-0.0052004697
53.24,-0.0061181998
53.26,-0.0057103197
53.28,-0.0055063799
53.3,-0.0050984998
53.32,-0.0067300197
53.34,-0.0092792701
53.36,-0.011624579
53.38,-0.0142758
53.4,-0.01407186
53.42,-0.0142758
53.44,-0.01233837
53.46,-0.00978912
53.48,-0.0075457798
53.5,-0.0046906197
53.52,-0.00346698
53.54,-0.0042827397
53.56,-0.0045886498
53.58,-0.0056083498
53.6,-0.00642411
53.62,-0.0073418396
53.64,-0.0081575997
53.66,-0.0074438099
53.68,-0.0053024396
53.7,-0.0037728899
53.72,-0.0026512198
53.74,-0.0014275799
